EMPRESA,TELEFONE,INSTAGRAM,CANAL
"GR STANDS e CENOGRAFIA ¦ Referência em Montagem de Stands ¦ Eventos Corporativos ¦ Feiras ¦ Congressos ¦ PDV ¦","011940511119","","whatsapp"
"Le Cordon Bleu Café e Kofi & Co - Culinary Village","01131852537","","whatsapp"
"Brazilian DMC Laditour","011999586557","","whatsapp"
"7418 Produções de Eventos","011991441189","","whatsapp"
"Eventos Corporativos - NLX Eventos","02133238629","","whatsapp"
"CMC EVENTOS : Eventos Sociais e Eventos Corporativos Rio de Janeiro RJ","02130790402","","whatsapp"
"Home Book Produções e Eventos","02135186632","https://www.instagram.com/homebookeventos","whatsapp"
"FIXE Eventos - Empresa de Organização e Produção de Eventos | Brasília","061981516108","","whatsapp"
"Smart Buffet - Brasília DF (Eventos Corporativos e Sociais)","061985019000","","whatsapp"
"Mistagoo Eventos","041996544100","https://www.instagram.com/mistagooagencia","whatsapp"
"Original Eventos - Produção  Assessoria e Cerimonial","041999372463","","whatsapp"
"Zoli Eventos Exclusivos by Cris Lissoni","041992663450","https://www.instagram.com/zolieventosexclusivos","whatsapp"
"Velox Eventos Corporativos","04130891979","","whatsapp"
"RP Promoções Eventos","041999797023","","whatsapp"
"INFINITY EVENTOS • Staffs • Live Marketing • Corporativo • FILIAL CURITIBA","047996466181","","whatsapp"
"Impacto Eventos Produção e Entretenimento Ltda","031994421425","","whatsapp"
"Trion Produção e Promoção de Eventos","031991162579","","whatsapp"
"Le Cordon Bleu Café e Kofi & Co - Culinary Village","01131852537","","whatsapp"
"Maré Alta Charter Náutico","011947691699","","whatsapp"
"7418 Produções de Eventos","011991441189","","whatsapp"
"Space Produções & Formaturas","021975204507","","whatsapp"
"Eventos Corporativos - NLX Eventos","02133238629","","whatsapp"
"Home Book Produções e Eventos","02135186632","https://www.instagram.com/homebookeventos","whatsapp"
"CMC EVENTOS : Eventos Sociais e Eventos Corporativos Rio de Janeiro RJ","02130790402","","whatsapp"
"Golden Tulip Brasília Alvorada","06134298000","","whatsapp"
"FIXE Eventos - Empresa de Organização e Produção de Eventos | Brasília","061981516108","","whatsapp"
"Mistagoo Eventos","041996544100","https://www.instagram.com/mistagooagencia","whatsapp"
"Velox Eventos Corporativos","04130891979","","whatsapp"
"Zoli Eventos Exclusivos by Cris Lissoni","041992663450","https://www.instagram.com/zolieventosexclusivos","whatsapp"
"Luminy Eventos","041999349026","","whatsapp"
"Perfeitto Produções","031997288919","","whatsapp"
"Diamond Produtora Internacional","031998048200","","whatsapp"
"Trion Produção e Promoção de Eventos","031991162579","","whatsapp"
"R1 Audiovisual","01155852241","https://www.instagram.com/somosgrupor1","whatsapp"
"GR STANDS e CENOGRAFIA ¦ Referência em Montagem de Stands ¦ Eventos Corporativos ¦ Feiras ¦ Congressos ¦ PDV ¦","011940511119","","whatsapp"
"M2C Cenografia","01138538525","","whatsapp"
"Reativa Cenografia","02125841249","","whatsapp"
"LXR Cenografia e Eventos","021964527941","","whatsapp"
"Adding - Eventos  Cenografia  Obras e Estruturas","02135476460","","whatsapp"
"Modearty Stand Cenografia e Eventos","061999011398","","whatsapp"
"g3 cenografia e eventos","061994555780","","whatsapp"
"TERRACOTA CENOGRAFIA","061999357190","","whatsapp"
"The Maine Produções","041996369103","","whatsapp"
"Zauri Junior Cenografia e Eventos","041991336164","","whatsapp"
"Treasy Cenografia & Stands","041999984301","","whatsapp"
"Lynx Stands e Cenografia","04130233911","","whatsapp"
"JChaves Stands e Cenografia","03134188698","https://www.instagram.com/jchavesstandsecenografia","whatsapp"
"Onix Cenografia e Stands","03125383211","","whatsapp"
"Design Company Stands Eventos","031991549647","","whatsapp"
"Cosy Casa Mirante","01126130315","https://www.instagram.com/cosy_eventos","whatsapp"
"Espaço para eventos corporativos Jacyra Sanches","011975846146","","whatsapp"
"Casa Quintal","011945219483","","whatsapp"
"Casa Pompeia","011974311142","","whatsapp"
"Caravelas Eventos | Casa de Festas em Botafogo","021972444657","https://www.instagram.com/caravelaseventos","whatsapp"
"Mansão Santa Teresa","021998605997","","whatsapp"
"Space Produções & Formaturas","021975204507","","whatsapp"
"Palácio Único","06132620525","","whatsapp"
"Villa Rizza","06132238353","","whatsapp"
"Espaço Panorama Brasília","061994031540","https://www.instagram.com/espacopanoramabrasilia","whatsapp"
"Impact Hub Coworking - Alto da XV","041992560482","https://www.instagram.com/impacthubcuritiba","whatsapp"
"Villa Augusta Eventos","041997473496","https://www.instagram.com/villa_augusta","whatsapp"
"Casa Josué - Eventos Corporativos","03135645747","","whatsapp"
"CASA JARDIM (Espaço Festas e Eventos Corporativos . Grupo Celebre Produtora)","031996517455","https://about.instagram.com/","whatsapp"
"Buffet Evento Sociale - Buffet e Organização de Eventos Sociais e Corporativos","011947960250","","whatsapp"
"Eclair Buffet","01139653100","","whatsapp"
"Gardens Buffet","01125898442","https://www.instagram.com/buffetgardens","whatsapp"
"Buffet Signature Eventos Corporativos RJ","021986053721","","whatsapp"
"Si e Celo Buffet","021988112958","https://www.instagram.com/siecelobuffet","whatsapp"
"Buffet Dana","021964266272","","whatsapp"
"Buffet Casa Do Coffee Break","061985944857","https://www.instagram.com/casadocoffeebreak","whatsapp"
"Smart Buffet - Brasília DF (Eventos Corporativos e Sociais)","061985019000","","whatsapp"
"BUFFET CORPORATIVO","061999060966","","whatsapp"
"El Bosque Buffet","061992541619","","whatsapp"
"Presller Gastronomia","041987603737","","whatsapp"
"Menuo","041992732770","","whatsapp"
"Buffet Original","04130292177","https://www.instagram.com/buffetoriginal","whatsapp"
"Poesie Buffet e Eventos","041992295274","","whatsapp"
"Coco Bambu Anchieta","03135049180","","whatsapp"
"Luxor Buffet","031993288453","","whatsapp"
"JM Buffet","031993036385","","whatsapp"
"Espaço para eventos corporativos Jacyra Sanches","011975846146","","whatsapp"
"Space Produções & Formaturas","021975204507","","whatsapp"
"Mansão Santa Teresa","021998605997","","whatsapp"
"Palácio Único","06132620525","","whatsapp"
"Green Space","061982810026","","whatsapp"
"Espaço OWL","061982028491","","whatsapp"
"Villa Augusta Eventos","041997473496","https://www.instagram.com/villa_augusta","whatsapp"
"Sede Administrativa e Espaço de Eventos Unimed-BH","03132296040","","whatsapp"
"Espaço HR Eventos","031987619958","","whatsapp"
"DYOP Produções e Eventos | Soluções Audiovisuais","011948034473","","whatsapp"
"Impacto Produções","021976906081","","whatsapp"
"WSI Eventos RJ","021964334534","https://www.instagram.com/wsieventos","whatsapp"
"Estúdio Reel","061998503097","","whatsapp"
"AudioArte Tecnologia em Eventos","061982037861","","whatsapp"
"Giga Audiovisual - Curitiba","04130165252","","whatsapp"
"Audiovisual Curitiba - Produtora de vídeos","041996447799","","whatsapp"
"CF Music Produções - Locação de painéis de led  Sonorização e Iluminação","031982071559","https://www.instagram.com/cfmusicimagemluzeaudio","whatsapp"
"TV Sim Brasil: O maior complexo de mídia de MG e um dos maiores do Brasil.","031995705098","https://www.instagram.com/tvsimbrasil","whatsapp"
"Ws estruturas para eventos","031987708870","","whatsapp"
"WRC Eventos  Locação de Estruturas para Eventos - Palcos  Coberturas  Tendas.","011964623022","https://www.instagram.com/wix","whatsapp"
"LOCAÇAO DE TENDA WE","011986894172","https://www.instagram.com/welocacoes","whatsapp"
"GR. EVENTOS E LOCAÇÃO DE ESTRUTURA - TENDAS E PALCOS","033988975001","https://www.instagram.com/greventoselocacoes","whatsapp"
"UP EVENTOS","012988018207","https://www.instagram.com/flex_tendas","whatsapp"
"Aluguel de Estruturas para Eventos - #FF LONAS","021964219765","","whatsapp"
"Hubble Eventos Locação de estruturas para eventos RJ","","","sem-contato"
"Multi Estruturas e Serviços","021996261997","","whatsapp"
"Mestre Tendas & Estruturas","061981966357","","whatsapp"
"Palco Locação","061996582487","","whatsapp"
"Tendas Lima Estruturas em Alumínios Para Eventos","041988379529","https://www.instagram.com/tendaslima","whatsapp"
"Tendas Pagusat - Locação de tendas  coberturas e estruturas para eventos","041999699214","https://www.instagram.com/tendaspagusat","whatsapp"
"Ws estruturas para eventos","031987708870","","whatsapp"
"Ws estruturas para eventos","031987708870","","whatsapp"
"MEGA PALCO ESTRUTURAS PARA EVENTOS. Palcos  Tendas  Tenda Galpão  Cobertura box  Pisos para Eventos  Tablados","03133320876","","whatsapp"
"RC Estruturas BH","03130809040","https://www.instagram.com/rcestruturasbh","whatsapp"
"Le Cordon Bleu Café e Kofi & Co - Culinary Village","01131852537","","whatsapp"
"Flora Kato Eventos","01138817888","","whatsapp"
"Irene Serio - Decoração de Eventos","011985859808","","whatsapp"
"Tay Eventos Decoração Organização Festas","021964150911","","whatsapp"
"Patricia Vaks Decoração de Eventos","021999133420","","whatsapp"
"Jeniffer Brito - Decoração de Eventos","021974640214","","whatsapp"
"GS Decora - Aluguel para festas em Copacabana","021985749605","https://www.instagram.com/url","whatsapp"
"Golden Tulip Brasília Alvorada","06134298000","","whatsapp"
"Aline Duarte Decorações De Casamentos","061984232959","https://www.instagram.com/url","whatsapp"
"Decoração para casamentos Brasilia-DF - Dani Moura Decorações","","","sem-contato"
"Decoração de Eventos","","","sem-contato"
"Érika Magalhães | Decoração de Eventos em Brasília","061986569663","https://www.instagram.com/url","whatsapp"
"Dona Festeira - Cenários para Eventos  Acervo de festa  Acervo decoração","06132970032","https://www.instagram.com/helainecapucho","whatsapp"
"Fina Flor Decoração de Eventos","041998224523","","whatsapp"
"Claudia Ribeiro Decorações e Eventos","041999234202","","whatsapp"
"Agência !HDEiAS","041996958915","https://www.instagram.com/linktr.ee","whatsapp"
"Rodrigo Figueiredo Festas - Assessoria  Cerimonial e Decoração","","","sem-contato"
"Sapeka Decorçõe e Cerimonial- Casamento e 15 anos","04130750571","","whatsapp"
"Decorações de festa e eventos Curitiba","041996699994","","whatsapp"
"Lysianthus Decorações para Eventos","04133721238","","whatsapp"
"Mateus Mayrink Conceito - Decoração De Eventos","031989647337","","whatsapp"
"Magia Eventos BH - Balões","031997853318","","whatsapp"
"Valéria Lopes Decorações","031985770902","https://www.instagram.com/valerialopesdecoracoes","whatsapp"
"SP Eventos","01144794298","https://www.instagram.com/sp.eventos","whatsapp"
"Fábrica de Eventos","01126791609","","whatsapp"
"H&R Eventos e Promoções","01133994486","","whatsapp"
"VIVA Eventos | Empresa de formatura em São Paulo e região","011985008604","https://www.instagram.com/sigaaviva","whatsapp"
"Market Eventos","021965501944","","whatsapp"
"Eventos Corporativos - NLX Eventos","02133238629","","whatsapp"
"Home Book Produções e Eventos","02135186632","https://www.instagram.com/homebookeventos","whatsapp"
"Show de Eventos - (Centro  RJ)","02122242870","","whatsapp"
"FIXE Eventos - Empresa de Organização e Produção de Eventos | Brasília","061981516108","","whatsapp"
"Athos Eventos Assessoria e Organização de Eventos","061991894976","","whatsapp"
"YouDO Eventos - Piquiri","041995450079","","whatsapp"
"Mistagoo Eventos","041996544100","https://www.instagram.com/mistagooagencia","whatsapp"
"Zoli Eventos Exclusivos by Cris Lissoni","041992663450","https://www.instagram.com/zolieventosexclusivos","whatsapp"
"VIVA Eventos | Empresa de formatura em Curitiba","04135285875","https://www.instagram.com/sigaaviva","whatsapp"
"VIVA Eventos | Empresa de formatura em BH e região","03125161643","https://www.instagram.com/sigaaviva","whatsapp"
"Fest Eventos Produções","03133883573","","whatsapp"
"BH Eventos","031920005085","https://www.instagram.com/bheventos.oficial","whatsapp"