EMAIL,NOME,EMPRESA,SEQUENCIA
"contato@zazproducoes.com","ZAZ Produções","ZAZ Produções","B"
"comercial@gepromo.com.br","Evolution Promoções e Eventos","Evolution Promoções e Eventos","B"
"comercial@riothp.com.br","Agência RioTHP","Agência RioTHP","B"
"contato@dtalhe.com.br","Dtalhe Expertise em Eventos","Dtalhe Expertise em Eventos","B"
"contato@lummieventos.com.br","Lummi Formaturas e Eventos Brasília DF","Lummi Formaturas e Eventos Brasília DF","B"
"administrativo@agenciaesfera.com.br","Agência Esfera","Agência Esfera","B"
"contato@elementosproducaodeeventos.com.br","Elementos Produção de Eventos","Elementos Produção de Eventos","B"
"contato@grupobeeeventos.com.br","Grupo Bee Eventos","Grupo Bee Eventos","B"
"comercial@pandaevents.com.br","Panda Inteligência em Eventos","Panda Inteligência em Eventos","B"
"contato@zazproducoes.com","ZAZ Produções","ZAZ Produções","B"
"contato@superaprodutora.com.br","Supera produtora e gestão de eventos artes e entretenimento","Supera produtora e gestão de eventos artes e entretenimento","B"
"comercial@gepromo.com.br","Evolution Promoções e Eventos","Evolution Promoções e Eventos","B"
"admin@afixeventos.com.br","AFIX EVENTOS","AFIX EVENTOS","B"
"atendimento@rudhersomeluz.com.br","Rudher Som e Iluminação","Rudher Som e Iluminação","B"
"administrativo@agenciaesfera.com.br","Agência Esfera","Agência Esfera","B"
"contato@elementosproducaodeeventos.com.br","Elementos Produção de Eventos","Elementos Produção de Eventos","B"
"comercial@pandaevents.com.br","Panda Inteligência em Eventos","Panda Inteligência em Eventos","B"
"contato@miroarte.com.br","Miro Arte Comunicação Visual","Miro Arte Comunicação Visual","B"
"contato@archiecenografia.com.br","Archie Cenografia","Archie Cenografia | Montagem de Estandes Para Feiras e Eventos Corporativos","B"
"comercial@eurocenografias.com.br","Euro Cenografia","Euro Cenografia - Montagem de stand e cenografia para Feiras e Eventos","B"
"atendimento@foco4.com.br","Foco 4","Foco 4 - Cenografia e Eventos","B"
"atendimento@skena.com.br","Skena Cenografia e Projetos Especiais","Skena Cenografia e Projetos Especiais","B"
"contato@multicenografia.com.br","Multicenografia Eventos","Multicenografia Eventos","B"
"contato@mobicomestruturas.com.br","Mobicom","Mobicom - Stands, Cenografia e Eventos em Brasília - DF","B"
"comercial@sucessuscenografia.com.br","Sucessus Cenografia e Eventos","Sucessus Cenografia e Eventos","B"
"comercial@estiloeventos.com.br","Montadora Estilo Eventos","Montadora Estilo Eventos","B"
"atendimento@rudhersomeluz.com.br","Rudher Som e Iluminação","Rudher Som e Iluminação","B"
"comercial@gnadeeventos.com.br","Gnade eventos","Gnade eventos","B"
"comercial@gnadeeventos.com.br","Gnade eventos","Gnade eventos","B"
"contato@ambarcenografia.com.br","Âmbar Eventos e Produções Cenográficas","Âmbar Eventos e Produções Cenográficas","B"
"comercial@vistaeventos.com","Vista Eventos e Montagens Promocionais","Vista Eventos e Montagens Promocionais","B"
"comercial@floralwhite-raven-976344.hostingersite.com","Grupo CM BH","Grupo CM BH - Montadora de estandes, eventos corporativos e sociais","B"
"contato@casagayaeventos.com.br","Casa Gaya Eventos","Casa Gaya Eventos","B"
"COMERCIAL@BRANCOESPACO.COM.BR","Branco Espaço Eventos Corporativos","Branco Espaço Eventos Corporativos","B"
"contato@hideaway.com.br","Hideaway Eventos","Hideaway Eventos","B"
"comercial@duniacityhall.com.br","Dúnia City Hall","Dúnia City Hall","B"
"comercial@minashall.com.br","Minas Hall Espaço de Eventos","Minas Hall Espaço de Eventos","B"
"contato@centralhall.com.br","Central Hall","Central Hall - Espaço Boutique & Experiências Gastronômicas","B"
"contato@casapampulha.com.br","CasaPampulha","CasaPampulha","B"
"comercial@dashauseventos.com.br","Das Haus Eventos","Das Haus Eventos","B"
"contato@thefactorybuffet.com","The Factory Buffet","The Factory Buffet","B"
"atendimento@buffeteria.com.br","Buffeteria","Buffeteria - Buffet stand feiras|Coffee Break corporativo|Coquetel|Evento empresarial","B"
"atendimento@buffetchristianformon.com.br","Buffet Christian Formon Casamentos, Eventos Sociais e Corporativos","Buffet Christian Formon Casamentos, Eventos Sociais e Corporativos","B"
"atendimento@t2f.com.br","T2F Events CO","T2F Events CO - Buffet e Coffee Break Corporativo para Eventos","B"
"contato@buffetguanabara.com.br","Buffet Guanabara","Buffet Guanabara - Buffet Casamentos e Corporativo - RJ","B"
"contato@festanazoom.com.br","ZoOM Casa de Festas","ZoOM Casa de Festas","B"
"contato@andregourmet.com.br","André Gourmet Gastronomia","André Gourmet Gastronomia - Buffet em Brasília - Coffee Break - Catering - Café da manhã - Brunch","B"
"contato@villebuffeteeventos.com.br","Ville Buffet & Eventos","Ville Buffet & Eventos","B"
"comercial@nuvemdecoco.com.br","Buffet Nuvem de Coco","Buffet Nuvem de Coco","B"
"contato@salgemma.com.br","Salgemma Gastronomia","Salgemma Gastronomia- Buffet em Curitiba","B"
"contato@gustarebuffet.com.br","Gustare Buffet","Gustare Buffet","B"
"contato@buffetandreuni.com.br","Buffet Andreuni","Buffet Andreuni","B"
"contato@vittaeventos.com.br","Espaço Vitta Eventos","Espaço Vitta Eventos | Espaço Corporativo, Salão para Casamentos, Eventos Sociais","B"
"atendimento@buffetdamasco.com.br","Locação de Espaços para Eventos Corporativos e Auditório em Pinheiros Buffet Damasco","Locação de Espaços para Eventos Corporativos e Auditório em Pinheiros Buffet Damasco","B"
"contato@mansaocarioca.com.br","Mansão Carioca","Mansão Carioca","B"
"atendimento@espacopanorama.com.br","Espaço Panorama Brasília","Espaço Panorama Brasília","B"
"contato@espacomonumental.com.br","Monumental","Monumental","B"
"contato@centralhall.com.br","Central Hall","Central Hall - Espaço Boutique & Experiências Gastronômicas","B"
"comercial2@spot105eventos.com.br","Spot 105 Eventos Santa Felicidade: Espaço para Eventos, Buffet em Curitiba PR","Spot 105 Eventos Santa Felicidade: Espaço para Eventos, Buffet em Curitiba PR","B"
"contato@casapampulha.com.br","CasaPampulha","CasaPampulha","B"
"contato@innovarecentrodeeventos.com.br","Innovare Centro de Eventos","Innovare Centro de Eventos","B"
"contato@singleeventos.com.br","Single Eventos","Single Eventos","B"
"contato@grupoav.com.br","Grupo AV","Grupo AV - Art e Video","B"
"atendimento@showtimepro.com.br","Showtime Produções","Showtime Produções","B"
"contato@tecmaiseventos.com.br","Tecmais Eventos","Tecmais Eventos | Aluguel de Painel de LED e Equipamentos Audiovisuais RJ","B"
"contato@artsomfestas.com","Art Som Festas","Art Som Festas - Som Luz Imagem","B"
"atendimento@supportaudiovisual.com.br","Support Rental","Support Rental - Locação de Equipamentos Audiovisuais e Mobiliários","B"
"contato@256audiovisual.com.br","256 Audiovisual +10 Anos de Experiência","256 Audiovisual +10 Anos de Experiência","B"
"contato@n4filmes.com","N4 FILMES","N4 FILMES | Produtora de Vídeos Publicitários em Brasília Cobertura de Eventos Transmissão ao vivo","B"
"contato@texaseventos.com.br","Texas Eventos","Texas Eventos","B"
"comercial@stageaudiovisual.com.br","Stage Audiovisual","Stage Audiovisual - Eventos Corporativos e Sociais - Som - Luz - Painel de Led - Projetos 3D","B"
"comercial@upgraderental.com.br","UPGRADE RENTAL AUDIOVISUAL","UPGRADE RENTAL AUDIOVISUAL - Eventos Corporativos, Sonorização, Projeção, Iluminação, equipamentos e TI em eventos","B"
"comercial@artsomeventos.com.br","Art Som Eventos Corporativos","Art Som Eventos Corporativos - Sonorização e IIuminação em Curitiba","B"
"contato@planetsoundeventos.com.br","Planet Sound Eventos","Planet Sound Eventos","B"
"comercial@dcaudiopro.com.br","DC Audio Pro","DC Audio Pro - Som e Luz para Eventos","B"